Sample	N_sites	N_missing	Missingness	Callrate	Population	Outlier_IQR	Missingness_Z	Outlier_Z3
UAM41739	23482	9385	0.399667830678818	0.600332169321182	North	TRUE	3.96903463588023	TRUE
UAM101701	23482	8056	0.343071288646623	0.656928711353377	North	FALSE	2.05394023591324	FALSE
MSB311857	23482	7884	0.335746529256452	0.664253470743548	North	FALSE	1.80608753704618	FALSE
MVZ223023	23482	7875	0.33536325696278	0.66463674303722	Sierra_3	FALSE	1.79311850047756	FALSE
MSB281100	23482	7790	0.331743463078102	0.668256536921898	North	FALSE	1.67063315510721	FALSE
MSB83485	23482	7761	0.330508474576271	0.669491525423729	North	FALSE	1.62884403727497	FALSE
MSB269806	23482	7703	0.328038497572609	0.671961502427391	North	FALSE	1.5452658016105	FALSE
MSB269776	23482	7701	0.327953325951793	0.672046674048207	North	FALSE	1.54238379348414	FALSE
MSB269732	23482	7669	0.326590580018738	0.673409419981262	North	FALSE	1.49627166346236	FALSE
MVZ240328	23482	7609	0.324035431394259	0.67596456860574	North	FALSE	1.40981141967153	FALSE
MVZ240329	23482	7596	0.323481815858956	0.676518184141044	North	FALSE	1.39107836685018	FALSE
MVZ240330	23482	7527	0.320543394940806	0.679456605059194	North	FALSE	1.29164908649072	FALSE
MVZ240272	23482	7496	0.319223234818159	0.680776765181841	North	FALSE	1.24697796053212	FALSE
UAM93314	23482	7440	0.316838429435312	0.683161570564688	North	FALSE	1.16628173299401	FALSE
MVZ223025	23482	7397	0.315007239587769	0.684992760412231	North	FALSE	1.10431855827724	FALSE
MVZ217504	23482	7394	0.314879482156545	0.685120517843455	North	FALSE	1.0999955460877	FALSE
MVZ230716	23482	7381	0.314325866621242	0.685674133378758	North_Coast	FALSE	1.08126249326635	FALSE
MVZ223028	23482	7344	0.312750191636147	0.687249808363853	North	FALSE	1.02794534292867	FALSE
MSB259148	23482	7254	0.308917468699429	0.691082531300571	North	FALSE	0.898254977242422	FALSE
MVZ231861	23482	7205	0.306830763989439	0.693169236010561	South_Coast	FALSE	0.827645778146572	FALSE
MSB261737	23482	7200	0.306617834937399	0.693382165062601	North	FALSE	0.82044075783067	FALSE
MSB43525	23482	7185	0.305979047781279	0.694020952218721	North	FALSE	0.798825696882961	FALSE
MVZ219014	23482	7169	0.305297674814752	0.694702325185248	North_Coast	FALSE	0.775769631872072	FALSE
MVZ240012	23482	7053	0.300357720807427	0.699642279192573	North_Coast	FALSE	0.608613160543124	FALSE
MVZ219015	23482	7020	0.298952389063964	0.701047610936036	North_Coast	FALSE	0.561060026458165	FALSE
MVZ223024	23482	7010	0.298526530959884	0.701473469040116	Sierra_3	FALSE	0.546649985826361	FALSE
MVZ240013	23482	6999	0.298058087045396	0.701941912954604	North_Coast	FALSE	0.530798941131374	FALSE
MVZ241349	23482	6960	0.296397240439486	0.703602759560514	North_Coast	FALSE	0.474599782667331	FALSE
MVZ219775	23482	6953	0.29609913976663	0.70390086023337	Sierra_3	FALSE	0.464512754225068	FALSE
MVZ231432	23482	6889	0.29337364790052	0.70662635209948	North_Coast	FALSE	0.372288494181511	FALSE
MVZ191579	23482	6888	0.293331062090112	0.706668937909888	North_Coast	FALSE	0.370847490118329	FALSE
MVZ223020	23482	6871	0.292607103313176	0.707392896686824	Sierra_3	FALSE	0.346350421044261	FALSE
MVZ200647	23482	6857	0.292010901967464	0.707989098032536	Sierra_3	FALSE	0.326176364159732	FALSE
MVZ222752	23482	6840	0.291286943190529	0.708713056809471	Sierra_3	FALSE	0.301679295085661	FALSE
MVZ222757	23482	6840	0.291286943190529	0.708713056809471	Sierra_3	FALSE	0.301679295085661	FALSE
MVZ223022	23482	6793	0.289285410101354	0.710714589898646	Sierra_3	FALSE	0.233952104116175	FALSE
MVZ219009	23482	6747	0.287326462822588	0.712673537177412	North_Coast	FALSE	0.167665917209868	FALSE
MVZ222753	23482	6720	0.286176645941572	0.713823354058428	Sierra_3	FALSE	0.128758807503993	FALSE
MVZ232173	23482	6717	0.286048888510348	0.713951111489652	South_Coast	FALSE	0.124435795314452	FALSE
MVZ222754	23482	6709	0.285708202027085	0.714291797972915	Sierra_3	FALSE	0.112907762809007	FALSE
MVZ232185	23482	6699	0.285282343923005	0.714717656076995	Sierra_3	FALSE	0.0984977221772003	FALSE
MVZ222756	23482	6696	0.285154586491781	0.714845413508219	Sierra_3	FALSE	0.0941747099876592	FALSE
MVZ222750	23482	6677	0.284345456094029	0.71565454390597	Sierra_3	FALSE	0.0667956327872276	FALSE
MVZ191565	23482	6632	0.282429094625671	0.717570905374329	North_Coast	FALSE	0.00195044994410249	FALSE
MVZ191548	23482	6631	0.282386508815263	0.717613491184737	North_Coast	FALSE	0.000509445880920891	FALSE
MVZ227430	23482	6627	0.282216165573631	0.717783834426369	South_Coast	FALSE	-0.00525457037179988	FALSE
MVZ191515	23482	6604	0.281236691934247	0.718763308065753	North_Coast	FALSE	-0.0383976638249542	FALSE
MVZ217992	23482	6594	0.280810833830168	0.719189166169832	North_Coast	FALSE	-0.0528077044567589	FALSE
MVZ222755	23482	6557	0.279235158845073	0.720764841154927	Sierra_3	FALSE	-0.106124854794441	FALSE
MVZ221535	23482	6542	0.278596371688953	0.721403628311047	Sierra_2	FALSE	-0.12773991574215	FALSE
MVZ191607	23482	6539	0.278468614257729	0.721531385742271	North_Coast	FALSE	-0.132062927931691	FALSE
MVZ222480	23482	6528	0.278000170343242	0.721999829656758	Sierra_1	FALSE	-0.147913972626677	FALSE
MVZ222746	23482	6527	0.277957584532834	0.722042415467166	Sierra_3	FALSE	-0.149354976689859	FALSE
MVZ222747	23482	6492	0.276467081168555	0.723532918831445	Sierra_3	FALSE	-0.199790118901179	FALSE
MVZ228428	23482	6491	0.276424495358147	0.723575504641853	Sierra_3	FALSE	-0.201231122964359	FALSE
MVZ222749	23482	6482	0.276041223064475	0.723958776935525	Sierra_3	FALSE	-0.214200159532984	FALSE
MVZ240832	23482	6461	0.275146921045907	0.724853078954093	South_Coast	FALSE	-0.244461244859777	FALSE
MVZ196598	23482	6434	0.273997104164892	0.726002895835108	Sierra_3	FALSE	-0.283368354565652	FALSE
MVZ228426	23482	6432	0.273911932544076	0.726088067455924	Sierra_3	FALSE	-0.286250362692013	FALSE
MVZ232186	23482	6417	0.273273145387957	0.726726854612043	Sierra_3	FALSE	-0.307865423639722	FALSE
MVZ222751	23482	6416	0.273230559577549	0.726769440422451	Sierra_3	FALSE	-0.309306427702902	FALSE
MVZ239688	23482	6392	0.272208500127757	0.727791499872243	South_Coast	FALSE	-0.343890525219236	FALSE
MVZ240837	23482	6389	0.272080742696534	0.727919257303467	South_Coast	FALSE	-0.348213537408777	FALSE
MVZ206289	23482	6387	0.271995571075718	0.728004428924282	NA	FALSE	-0.351095545535138	FALSE
MVZ241098	23482	6381	0.27174005621327	0.72825994378673	South_Coast	FALSE	-0.359741569914222	FALSE
MVZ222758	23482	6330	0.269568179882463	0.730431820117537	Sierra_3	FALSE	-0.433232777136431	FALSE
MVZ217517	23482	6296	0.268120262328592	0.731879737671408	Sierra_3	FALSE	-0.482226915284572	FALSE
MVZ218549	23482	6265	0.266800102205945	0.733199897794055	Sierra_3	FALSE	-0.526898041243169	FALSE
MVZ220148	23482	6255	0.266374244101865	0.733625755898135	Sierra_3	FALSE	-0.541308081874974	FALSE
MVZ217872	23482	6208	0.264372711012691	0.73562728898731	Sierra_3	FALSE	-0.609035272844462	FALSE
MVZ217509	23482	6181	0.263222894131675	0.736777105868325	Sierra_3	FALSE	-0.647942382550337	FALSE
MVZ218037	23482	6166	0.262584106975556	0.737415893024444	Sierra_3	FALSE	-0.669557443498046	FALSE
MVZ221743	23482	6157	0.262200834681884	0.737799165318116	Sierra_2	FALSE	-0.682526480066671	FALSE
MVZ217516	23482	6150	0.261902734009028	0.738097265990972	Sierra_3	FALSE	-0.692613508508935	FALSE
MVZ200477	23482	6118	0.260539988075973	0.739460011924027	Sierra_3	FALSE	-0.738725638530714	FALSE
MVZ221740	23482	6102	0.259858615109446	0.740141384890554	Sierra_2	FALSE	-0.761781703541603	FALSE
MVZ232188	23482	6062	0.258155182693127	0.741844817306873	Sierra_2	FALSE	-0.819421866068826	FALSE
MVZ232190	23482	6018	0.256281407035176	0.743718592964824	Sierra_2	FALSE	-0.882826044848771	FALSE
MVZ223094	23482	6010	0.255940720551912	0.744059279448088	Sierra_1	FALSE	-0.894354077354217	FALSE
MVZ225827	23482	6001	0.25555744825824	0.74444255174176	Sierra_1	FALSE	-0.907323113922842	FALSE
MVZ199511	23482	5991	0.255131590154161	0.744868409845839	Sierra_2	FALSE	-0.921733154554646	FALSE
MVZ224676	23482	5983	0.254790903670897	0.745209096329103	Sierra_2	FALSE	-0.933261187060092	FALSE
MVZ223095	23482	5968	0.254152116514777	0.745847883485223	Sierra_1	FALSE	-0.954876248007801	FALSE
MVZ222490	23482	5922	0.252193169236011	0.74780683076399	Sierra_1	FALSE	-1.02116243491411	FALSE
MVZ232189	23482	5873	0.25010646452602	0.74989353547398	Sierra_2	FALSE	-1.09177163400996	FALSE
MVZ224618	23482	5800	0.246997700366238	0.753002299633762	Sierra_1	FALSE	-1.19696493062214	FALSE
MVZ201308	23482	5773	0.245847883485223	0.754152116514777	Sierra_1	FALSE	-1.23587204032801	FALSE
MVZ216215	23482	5766	0.245549782812367	0.754450217187633	Sierra_1	FALSE	-1.24595906877028	FALSE
MVZ201314	23482	5715	0.24337790648156	0.75662209351844	Sierra_1	FALSE	-1.31945027599249	FALSE
MVZ201003	23482	5706	0.242994634187889	0.757005365812111	Sierra_2	FALSE	-1.33241931256111	FALSE
MVZ199510	23482	5683	0.242015160548505	0.757984839451495	Sierra_2	FALSE	-1.36556240601426	FALSE
MVZ199509	23482	5670	0.241461545013202	0.758538454986798	Sierra_2	FALSE	-1.38429545883561	FALSE
MVZ201309	23482	5660	0.241035686909122	0.758964313090878	Sierra_1	FALSE	-1.39870549946742	FALSE
MVZ207124	23482	5657	0.240907929477898	0.759092070522102	Sierra_1	FALSE	-1.40302851165696	FALSE
MVZ201318	23482	5645	0.240396899753002	0.759603100246998	Sierra_1	FALSE	-1.42032056041513	FALSE
MVZ216205	23482	5625	0.239545183544843	0.760454816455157	Sierra_1	FALSE	-1.44914064167874	FALSE
MVZ201312	23482	5602	0.23856570990546	0.76143429009454	Sierra_1	FALSE	-1.48228373513189	FALSE
MVZ199508	23482	5596	0.238310195043012	0.761689804956988	Sierra_2	FALSE	-1.49092975951097	FALSE
MVZ201307	23482	5566	0.237032620730772	0.762967379269228	Sierra_1	FALSE	-1.53415988140639	FALSE
