rep	K	seed	logfile	ml	cv	cv_se
1	1	10001	/Users/gspellman/Trowbridgii_analyses/Stacks analysis of ddRAD data/stacks_refmap_sorex_excl_MVZ216210_2026-02-26_clean/downstream_analysis_2026-02-23/faststructure_analysis_2026-02-27/work/runs/fs10_rep1.1.log	-0.6717546703	0.6128136	0.0281758
1	2	10002	/Users/gspellman/Trowbridgii_analyses/Stacks analysis of ddRAD data/stacks_refmap_sorex_excl_MVZ216210_2026-02-26_clean/downstream_analysis_2026-02-23/faststructure_analysis_2026-02-27/work/runs/fs10_rep1.2.log	-0.6027158208	0.490842	0.0299551
1	3	10003	/Users/gspellman/Trowbridgii_analyses/Stacks analysis of ddRAD data/stacks_refmap_sorex_excl_MVZ216210_2026-02-26_clean/downstream_analysis_2026-02-23/faststructure_analysis_2026-02-27/work/runs/fs10_rep1.3.log	-0.5672568478	0.4425077	0.0187766
1	4	10004	/Users/gspellman/Trowbridgii_analyses/Stacks analysis of ddRAD data/stacks_refmap_sorex_excl_MVZ216210_2026-02-26_clean/downstream_analysis_2026-02-23/faststructure_analysis_2026-02-27/work/runs/fs10_rep1.4.log	-0.5434028676	0.3994239	0.0169963
1	5	10005	/Users/gspellman/Trowbridgii_analyses/Stacks analysis of ddRAD data/stacks_refmap_sorex_excl_MVZ216210_2026-02-26_clean/downstream_analysis_2026-02-23/faststructure_analysis_2026-02-27/work/runs/fs10_rep1.5.log	-0.5337398153	0.3626334	0.0411535
1	6	10006	/Users/gspellman/Trowbridgii_analyses/Stacks analysis of ddRAD data/stacks_refmap_sorex_excl_MVZ216210_2026-02-26_clean/downstream_analysis_2026-02-23/faststructure_analysis_2026-02-27/work/runs/fs10_rep1.6.log	-0.5559641453	0.4079393	0.0091803
1	7	10007	/Users/gspellman/Trowbridgii_analyses/Stacks analysis of ddRAD data/stacks_refmap_sorex_excl_MVZ216210_2026-02-26_clean/downstream_analysis_2026-02-23/faststructure_analysis_2026-02-27/work/runs/fs10_rep1.7.log	-0.5345894223	0.3617308	0.0214039
1	8	10008	/Users/gspellman/Trowbridgii_analyses/Stacks analysis of ddRAD data/stacks_refmap_sorex_excl_MVZ216210_2026-02-26_clean/downstream_analysis_2026-02-23/faststructure_analysis_2026-02-27/work/runs/fs10_rep1.8.log	-0.53673287	0.3681789	0.0241881
1	9	10009	/Users/gspellman/Trowbridgii_analyses/Stacks analysis of ddRAD data/stacks_refmap_sorex_excl_MVZ216210_2026-02-26_clean/downstream_analysis_2026-02-23/faststructure_analysis_2026-02-27/work/runs/fs10_rep1.9.log	-0.5365189896	0.3540258	0.0082801
1	10	10010	/Users/gspellman/Trowbridgii_analyses/Stacks analysis of ddRAD data/stacks_refmap_sorex_excl_MVZ216210_2026-02-26_clean/downstream_analysis_2026-02-23/faststructure_analysis_2026-02-27/work/runs/fs10_rep1.10.log	-0.5365024898	0.3526712	0.0285193
2	1	20001	/Users/gspellman/Trowbridgii_analyses/Stacks analysis of ddRAD data/stacks_refmap_sorex_excl_MVZ216210_2026-02-26_clean/downstream_analysis_2026-02-23/faststructure_analysis_2026-02-27/work/runs/fs10_rep2.1.log	-0.6717546703	0.6198413	0.0198043
2	2	20002	/Users/gspellman/Trowbridgii_analyses/Stacks analysis of ddRAD data/stacks_refmap_sorex_excl_MVZ216210_2026-02-26_clean/downstream_analysis_2026-02-23/faststructure_analysis_2026-02-27/work/runs/fs10_rep2.2.log	-0.6027157354	0.5033688	0.0265365
2	3	20003	/Users/gspellman/Trowbridgii_analyses/Stacks analysis of ddRAD data/stacks_refmap_sorex_excl_MVZ216210_2026-02-26_clean/downstream_analysis_2026-02-23/faststructure_analysis_2026-02-27/work/runs/fs10_rep2.3.log	-0.5672573794	0.4314255	0.0143499
2	4	20004	/Users/gspellman/Trowbridgii_analyses/Stacks analysis of ddRAD data/stacks_refmap_sorex_excl_MVZ216210_2026-02-26_clean/downstream_analysis_2026-02-23/faststructure_analysis_2026-02-27/work/runs/fs10_rep2.4.log	-0.5527193677	0.3924353	0.0162654
2	5	20005	/Users/gspellman/Trowbridgii_analyses/Stacks analysis of ddRAD data/stacks_refmap_sorex_excl_MVZ216210_2026-02-26_clean/downstream_analysis_2026-02-23/faststructure_analysis_2026-02-27/work/runs/fs10_rep2.5.log	-0.5337538095	0.3648814	0.009519
2	6	20006	/Users/gspellman/Trowbridgii_analyses/Stacks analysis of ddRAD data/stacks_refmap_sorex_excl_MVZ216210_2026-02-26_clean/downstream_analysis_2026-02-23/faststructure_analysis_2026-02-27/work/runs/fs10_rep2.6.log	-0.5339553736	0.3691658	0.0128225
2	7	20007	/Users/gspellman/Trowbridgii_analyses/Stacks analysis of ddRAD data/stacks_refmap_sorex_excl_MVZ216210_2026-02-26_clean/downstream_analysis_2026-02-23/faststructure_analysis_2026-02-27/work/runs/fs10_rep2.7.log	-0.5460755319	0.4013815	0.0189726
2	8	20008	/Users/gspellman/Trowbridgii_analyses/Stacks analysis of ddRAD data/stacks_refmap_sorex_excl_MVZ216210_2026-02-26_clean/downstream_analysis_2026-02-23/faststructure_analysis_2026-02-27/work/runs/fs10_rep2.8.log	-0.5376411127	0.3593206	0.0076677
2	9	20009	/Users/gspellman/Trowbridgii_analyses/Stacks analysis of ddRAD data/stacks_refmap_sorex_excl_MVZ216210_2026-02-26_clean/downstream_analysis_2026-02-23/faststructure_analysis_2026-02-27/work/runs/fs10_rep2.9.log	-0.5443007174	0.3764857	0.0304158
2	10	20010	/Users/gspellman/Trowbridgii_analyses/Stacks analysis of ddRAD data/stacks_refmap_sorex_excl_MVZ216210_2026-02-26_clean/downstream_analysis_2026-02-23/faststructure_analysis_2026-02-27/work/runs/fs10_rep2.10.log	-0.535944298	0.3660182	0.0137372
3	1	30001	/Users/gspellman/Trowbridgii_analyses/Stacks analysis of ddRAD data/stacks_refmap_sorex_excl_MVZ216210_2026-02-26_clean/downstream_analysis_2026-02-23/faststructure_analysis_2026-02-27/work/runs/fs10_rep3.1.log	-0.6717546703	0.6063183	0.0244712
3	2	30002	/Users/gspellman/Trowbridgii_analyses/Stacks analysis of ddRAD data/stacks_refmap_sorex_excl_MVZ216210_2026-02-26_clean/downstream_analysis_2026-02-23/faststructure_analysis_2026-02-27/work/runs/fs10_rep3.2.log	-0.6027158226	0.506531	0.0138629
3	3	30003	/Users/gspellman/Trowbridgii_analyses/Stacks analysis of ddRAD data/stacks_refmap_sorex_excl_MVZ216210_2026-02-26_clean/downstream_analysis_2026-02-23/faststructure_analysis_2026-02-27/work/runs/fs10_rep3.3.log	-0.569096685	0.4443223	0.0089243
3	4	30004	/Users/gspellman/Trowbridgii_analyses/Stacks analysis of ddRAD data/stacks_refmap_sorex_excl_MVZ216210_2026-02-26_clean/downstream_analysis_2026-02-23/faststructure_analysis_2026-02-27/work/runs/fs10_rep3.4.log	-0.5433430739	0.3858162	0.0142427
3	5	30005	/Users/gspellman/Trowbridgii_analyses/Stacks analysis of ddRAD data/stacks_refmap_sorex_excl_MVZ216210_2026-02-26_clean/downstream_analysis_2026-02-23/faststructure_analysis_2026-02-27/work/runs/fs10_rep3.5.log	-0.5451397724	0.3824922	0.0101922
3	6	30006	/Users/gspellman/Trowbridgii_analyses/Stacks analysis of ddRAD data/stacks_refmap_sorex_excl_MVZ216210_2026-02-26_clean/downstream_analysis_2026-02-23/faststructure_analysis_2026-02-27/work/runs/fs10_rep3.6.log	-0.535460466	0.3720591	0.0236163
3	7	30007	/Users/gspellman/Trowbridgii_analyses/Stacks analysis of ddRAD data/stacks_refmap_sorex_excl_MVZ216210_2026-02-26_clean/downstream_analysis_2026-02-23/faststructure_analysis_2026-02-27/work/runs/fs10_rep3.7.log	-0.5425723091	0.378362	0.0239865
3	8	30008	/Users/gspellman/Trowbridgii_analyses/Stacks analysis of ddRAD data/stacks_refmap_sorex_excl_MVZ216210_2026-02-26_clean/downstream_analysis_2026-02-23/faststructure_analysis_2026-02-27/work/runs/fs10_rep3.8.log	-0.5364268923	0.3599163	0.0087401
3	9	30009	/Users/gspellman/Trowbridgii_analyses/Stacks analysis of ddRAD data/stacks_refmap_sorex_excl_MVZ216210_2026-02-26_clean/downstream_analysis_2026-02-23/faststructure_analysis_2026-02-27/work/runs/fs10_rep3.9.log	-0.5446863036	0.401405	0.0215538
3	10	30010	/Users/gspellman/Trowbridgii_analyses/Stacks analysis of ddRAD data/stacks_refmap_sorex_excl_MVZ216210_2026-02-26_clean/downstream_analysis_2026-02-23/faststructure_analysis_2026-02-27/work/runs/fs10_rep3.10.log	-0.5443751347	0.3665459	0.0178157
4	1	40001	/Users/gspellman/Trowbridgii_analyses/Stacks analysis of ddRAD data/stacks_refmap_sorex_excl_MVZ216210_2026-02-26_clean/downstream_analysis_2026-02-23/faststructure_analysis_2026-02-27/work/runs/fs10_rep4.1.log	-0.6717546703	0.5952839	0.024525
4	2	40002	/Users/gspellman/Trowbridgii_analyses/Stacks analysis of ddRAD data/stacks_refmap_sorex_excl_MVZ216210_2026-02-26_clean/downstream_analysis_2026-02-23/faststructure_analysis_2026-02-27/work/runs/fs10_rep4.2.log	-0.6027157364	0.5210974	0.0261158
4	3	40003	/Users/gspellman/Trowbridgii_analyses/Stacks analysis of ddRAD data/stacks_refmap_sorex_excl_MVZ216210_2026-02-26_clean/downstream_analysis_2026-02-23/faststructure_analysis_2026-02-27/work/runs/fs10_rep4.3.log	-0.5671444562	0.4380655	0.025845
4	4	40004	/Users/gspellman/Trowbridgii_analyses/Stacks analysis of ddRAD data/stacks_refmap_sorex_excl_MVZ216210_2026-02-26_clean/downstream_analysis_2026-02-23/faststructure_analysis_2026-02-27/work/runs/fs10_rep4.4.log	-0.5433397415	0.3810952	0.0302273
4	5	40005	/Users/gspellman/Trowbridgii_analyses/Stacks analysis of ddRAD data/stacks_refmap_sorex_excl_MVZ216210_2026-02-26_clean/downstream_analysis_2026-02-23/faststructure_analysis_2026-02-27/work/runs/fs10_rep4.5.log	-0.5436475323	0.4125897	0.014598
4	6	40006	/Users/gspellman/Trowbridgii_analyses/Stacks analysis of ddRAD data/stacks_refmap_sorex_excl_MVZ216210_2026-02-26_clean/downstream_analysis_2026-02-23/faststructure_analysis_2026-02-27/work/runs/fs10_rep4.6.log	-0.5339526077	0.3798138	0.0140729
4	7	40007	/Users/gspellman/Trowbridgii_analyses/Stacks analysis of ddRAD data/stacks_refmap_sorex_excl_MVZ216210_2026-02-26_clean/downstream_analysis_2026-02-23/faststructure_analysis_2026-02-27/work/runs/fs10_rep4.7.log	-0.5356054538	0.35146	0.0118499
4	8	40008	/Users/gspellman/Trowbridgii_analyses/Stacks analysis of ddRAD data/stacks_refmap_sorex_excl_MVZ216210_2026-02-26_clean/downstream_analysis_2026-02-23/faststructure_analysis_2026-02-27/work/runs/fs10_rep4.8.log	-0.5357341844	0.3527037	0.0231418
4	9	40009	/Users/gspellman/Trowbridgii_analyses/Stacks analysis of ddRAD data/stacks_refmap_sorex_excl_MVZ216210_2026-02-26_clean/downstream_analysis_2026-02-23/faststructure_analysis_2026-02-27/work/runs/fs10_rep4.9.log	-0.5359402874	0.357058	0.022915
4	10	40010	/Users/gspellman/Trowbridgii_analyses/Stacks analysis of ddRAD data/stacks_refmap_sorex_excl_MVZ216210_2026-02-26_clean/downstream_analysis_2026-02-23/faststructure_analysis_2026-02-27/work/runs/fs10_rep4.10.log	-0.5359692556	0.3664253	0.0246213
5	1	50001	/Users/gspellman/Trowbridgii_analyses/Stacks analysis of ddRAD data/stacks_refmap_sorex_excl_MVZ216210_2026-02-26_clean/downstream_analysis_2026-02-23/faststructure_analysis_2026-02-27/work/runs/fs10_rep5.1.log	-0.6717546703	0.5826749	0.0135089
5	2	50002	/Users/gspellman/Trowbridgii_analyses/Stacks analysis of ddRAD data/stacks_refmap_sorex_excl_MVZ216210_2026-02-26_clean/downstream_analysis_2026-02-23/faststructure_analysis_2026-02-27/work/runs/fs10_rep5.2.log	-0.6027157385	0.4959839	0.0179904
5	3	50003	/Users/gspellman/Trowbridgii_analyses/Stacks analysis of ddRAD data/stacks_refmap_sorex_excl_MVZ216210_2026-02-26_clean/downstream_analysis_2026-02-23/faststructure_analysis_2026-02-27/work/runs/fs10_rep5.3.log	-0.5671455217	0.4428713	0.0267751
5	4	50004	/Users/gspellman/Trowbridgii_analyses/Stacks analysis of ddRAD data/stacks_refmap_sorex_excl_MVZ216210_2026-02-26_clean/downstream_analysis_2026-02-23/faststructure_analysis_2026-02-27/work/runs/fs10_rep5.4.log	-0.5433397415	0.3881588	0.0207201
5	5	50005	/Users/gspellman/Trowbridgii_analyses/Stacks analysis of ddRAD data/stacks_refmap_sorex_excl_MVZ216210_2026-02-26_clean/downstream_analysis_2026-02-23/faststructure_analysis_2026-02-27/work/runs/fs10_rep5.5.log	-0.5521403437	0.3937142	0.0142948
5	6	50006	/Users/gspellman/Trowbridgii_analyses/Stacks analysis of ddRAD data/stacks_refmap_sorex_excl_MVZ216210_2026-02-26_clean/downstream_analysis_2026-02-23/faststructure_analysis_2026-02-27/work/runs/fs10_rep5.6.log	-0.5354440233	0.371625	0.0148534
5	7	50007	/Users/gspellman/Trowbridgii_analyses/Stacks analysis of ddRAD data/stacks_refmap_sorex_excl_MVZ216210_2026-02-26_clean/downstream_analysis_2026-02-23/faststructure_analysis_2026-02-27/work/runs/fs10_rep5.7.log	-0.536223514	0.3640419	0.0170368
5	8	50008	/Users/gspellman/Trowbridgii_analyses/Stacks analysis of ddRAD data/stacks_refmap_sorex_excl_MVZ216210_2026-02-26_clean/downstream_analysis_2026-02-23/faststructure_analysis_2026-02-27/work/runs/fs10_rep5.8.log	-0.5357341833	0.346879	0.0091594
5	9	50009	/Users/gspellman/Trowbridgii_analyses/Stacks analysis of ddRAD data/stacks_refmap_sorex_excl_MVZ216210_2026-02-26_clean/downstream_analysis_2026-02-23/faststructure_analysis_2026-02-27/work/runs/fs10_rep5.9.log	-0.5343537592	0.3736256	0.01326
5	10	50010	/Users/gspellman/Trowbridgii_analyses/Stacks analysis of ddRAD data/stacks_refmap_sorex_excl_MVZ216210_2026-02-26_clean/downstream_analysis_2026-02-23/faststructure_analysis_2026-02-27/work/runs/fs10_rep5.10.log	-0.5536015818	0.3493437	0.0217937
6	1	60001	/Users/gspellman/Trowbridgii_analyses/Stacks analysis of ddRAD data/stacks_refmap_sorex_excl_MVZ216210_2026-02-26_clean/downstream_analysis_2026-02-23/faststructure_analysis_2026-02-27/work/runs/fs10_rep6.1.log	-0.6717546703	0.589506	0.0104059
6	2	60002	/Users/gspellman/Trowbridgii_analyses/Stacks analysis of ddRAD data/stacks_refmap_sorex_excl_MVZ216210_2026-02-26_clean/downstream_analysis_2026-02-23/faststructure_analysis_2026-02-27/work/runs/fs10_rep6.2.log	-0.6027157948	0.4763649	0.020379
6	3	60003	/Users/gspellman/Trowbridgii_analyses/Stacks analysis of ddRAD data/stacks_refmap_sorex_excl_MVZ216210_2026-02-26_clean/downstream_analysis_2026-02-23/faststructure_analysis_2026-02-27/work/runs/fs10_rep6.3.log	-0.571288789	0.4433789	0.0253236
6	4	60004	/Users/gspellman/Trowbridgii_analyses/Stacks analysis of ddRAD data/stacks_refmap_sorex_excl_MVZ216210_2026-02-26_clean/downstream_analysis_2026-02-23/faststructure_analysis_2026-02-27/work/runs/fs10_rep6.4.log	-0.5433480474	0.3852212	0.0276464
6	5	60005	/Users/gspellman/Trowbridgii_analyses/Stacks analysis of ddRAD data/stacks_refmap_sorex_excl_MVZ216210_2026-02-26_clean/downstream_analysis_2026-02-23/faststructure_analysis_2026-02-27/work/runs/fs10_rep6.5.log	-0.5337345137	0.3686572	0.0336341
6	6	60006	/Users/gspellman/Trowbridgii_analyses/Stacks analysis of ddRAD data/stacks_refmap_sorex_excl_MVZ216210_2026-02-26_clean/downstream_analysis_2026-02-23/faststructure_analysis_2026-02-27/work/runs/fs10_rep6.6.log	-0.5339588933	0.3628226	0.0196128
6	7	60007	/Users/gspellman/Trowbridgii_analyses/Stacks analysis of ddRAD data/stacks_refmap_sorex_excl_MVZ216210_2026-02-26_clean/downstream_analysis_2026-02-23/faststructure_analysis_2026-02-27/work/runs/fs10_rep6.7.log	-0.5524768748	0.3969497	0.0149775
6	8	60008	/Users/gspellman/Trowbridgii_analyses/Stacks analysis of ddRAD data/stacks_refmap_sorex_excl_MVZ216210_2026-02-26_clean/downstream_analysis_2026-02-23/faststructure_analysis_2026-02-27/work/runs/fs10_rep6.8.log	-0.5345479592	0.361431	0.0039923
6	9	60009	/Users/gspellman/Trowbridgii_analyses/Stacks analysis of ddRAD data/stacks_refmap_sorex_excl_MVZ216210_2026-02-26_clean/downstream_analysis_2026-02-23/faststructure_analysis_2026-02-27/work/runs/fs10_rep6.9.log	-0.5358339442	0.3550129	0.0164872
6	10	60010	/Users/gspellman/Trowbridgii_analyses/Stacks analysis of ddRAD data/stacks_refmap_sorex_excl_MVZ216210_2026-02-26_clean/downstream_analysis_2026-02-23/faststructure_analysis_2026-02-27/work/runs/fs10_rep6.10.log	-0.5457338457	0.358333	0.0252385
7	1	70001	/Users/gspellman/Trowbridgii_analyses/Stacks analysis of ddRAD data/stacks_refmap_sorex_excl_MVZ216210_2026-02-26_clean/downstream_analysis_2026-02-23/faststructure_analysis_2026-02-27/work/runs/fs10_rep7.1.log	-0.6717546703	0.5877821	0.0314333
7	2	70002	/Users/gspellman/Trowbridgii_analyses/Stacks analysis of ddRAD data/stacks_refmap_sorex_excl_MVZ216210_2026-02-26_clean/downstream_analysis_2026-02-23/faststructure_analysis_2026-02-27/work/runs/fs10_rep7.2.log	-0.6027158272	0.4934693	0.0227759
7	3	70003	/Users/gspellman/Trowbridgii_analyses/Stacks analysis of ddRAD data/stacks_refmap_sorex_excl_MVZ216210_2026-02-26_clean/downstream_analysis_2026-02-23/faststructure_analysis_2026-02-27/work/runs/fs10_rep7.3.log	-0.5672568557	0.4405105	0.032185
7	4	70004	/Users/gspellman/Trowbridgii_analyses/Stacks analysis of ddRAD data/stacks_refmap_sorex_excl_MVZ216210_2026-02-26_clean/downstream_analysis_2026-02-23/faststructure_analysis_2026-02-27/work/runs/fs10_rep7.4.log	-0.5527234539	0.4128975	0.0228245
7	5	70005	/Users/gspellman/Trowbridgii_analyses/Stacks analysis of ddRAD data/stacks_refmap_sorex_excl_MVZ216210_2026-02-26_clean/downstream_analysis_2026-02-23/faststructure_analysis_2026-02-27/work/runs/fs10_rep7.5.log	-0.5337327816	0.3777323	0.0289177
7	6	70006	/Users/gspellman/Trowbridgii_analyses/Stacks analysis of ddRAD data/stacks_refmap_sorex_excl_MVZ216210_2026-02-26_clean/downstream_analysis_2026-02-23/faststructure_analysis_2026-02-27/work/runs/fs10_rep7.6.log	-0.5354440552	0.3438058	0.0191506
7	7	70007	/Users/gspellman/Trowbridgii_analyses/Stacks analysis of ddRAD data/stacks_refmap_sorex_excl_MVZ216210_2026-02-26_clean/downstream_analysis_2026-02-23/faststructure_analysis_2026-02-27/work/runs/fs10_rep7.7.log	-0.5441059439	0.3508309	0.0191994
7	8	70008	/Users/gspellman/Trowbridgii_analyses/Stacks analysis of ddRAD data/stacks_refmap_sorex_excl_MVZ216210_2026-02-26_clean/downstream_analysis_2026-02-23/faststructure_analysis_2026-02-27/work/runs/fs10_rep7.8.log	-0.5426990589	0.3591675	0.0224879
7	9	70009	/Users/gspellman/Trowbridgii_analyses/Stacks analysis of ddRAD data/stacks_refmap_sorex_excl_MVZ216210_2026-02-26_clean/downstream_analysis_2026-02-23/faststructure_analysis_2026-02-27/work/runs/fs10_rep7.9.log	-0.5371436835	0.3579663	0.020925
7	10	70010	/Users/gspellman/Trowbridgii_analyses/Stacks analysis of ddRAD data/stacks_refmap_sorex_excl_MVZ216210_2026-02-26_clean/downstream_analysis_2026-02-23/faststructure_analysis_2026-02-27/work/runs/fs10_rep7.10.log	-0.5434295818	0.351471	0.0219316
8	1	80001	/Users/gspellman/Trowbridgii_analyses/Stacks analysis of ddRAD data/stacks_refmap_sorex_excl_MVZ216210_2026-02-26_clean/downstream_analysis_2026-02-23/faststructure_analysis_2026-02-27/work/runs/fs10_rep8.1.log	-0.6717546703	0.6224996	0.0113808
8	2	80002	/Users/gspellman/Trowbridgii_analyses/Stacks analysis of ddRAD data/stacks_refmap_sorex_excl_MVZ216210_2026-02-26_clean/downstream_analysis_2026-02-23/faststructure_analysis_2026-02-27/work/runs/fs10_rep8.2.log	-0.602715779	0.5178997	0.014288
8	3	80003	/Users/gspellman/Trowbridgii_analyses/Stacks analysis of ddRAD data/stacks_refmap_sorex_excl_MVZ216210_2026-02-26_clean/downstream_analysis_2026-02-23/faststructure_analysis_2026-02-27/work/runs/fs10_rep8.3.log	-0.5712844793	0.4379072	0.0326247
8	4	80004	/Users/gspellman/Trowbridgii_analyses/Stacks analysis of ddRAD data/stacks_refmap_sorex_excl_MVZ216210_2026-02-26_clean/downstream_analysis_2026-02-23/faststructure_analysis_2026-02-27/work/runs/fs10_rep8.4.log	-0.5595713536	0.4099938	0.0126517
8	5	80005	/Users/gspellman/Trowbridgii_analyses/Stacks analysis of ddRAD data/stacks_refmap_sorex_excl_MVZ216210_2026-02-26_clean/downstream_analysis_2026-02-23/faststructure_analysis_2026-02-27/work/runs/fs10_rep8.5.log	-0.5337396652	0.3694408	0.0131264
8	6	80006	/Users/gspellman/Trowbridgii_analyses/Stacks analysis of ddRAD data/stacks_refmap_sorex_excl_MVZ216210_2026-02-26_clean/downstream_analysis_2026-02-23/faststructure_analysis_2026-02-27/work/runs/fs10_rep8.6.log	-0.5383645317	0.3826246	0.0174722
8	7	80007	/Users/gspellman/Trowbridgii_analyses/Stacks analysis of ddRAD data/stacks_refmap_sorex_excl_MVZ216210_2026-02-26_clean/downstream_analysis_2026-02-23/faststructure_analysis_2026-02-27/work/runs/fs10_rep8.7.log	-0.535597239	0.3688514	0.0234816
8	8	80008	/Users/gspellman/Trowbridgii_analyses/Stacks analysis of ddRAD data/stacks_refmap_sorex_excl_MVZ216210_2026-02-26_clean/downstream_analysis_2026-02-23/faststructure_analysis_2026-02-27/work/runs/fs10_rep8.8.log	-0.5358031014	0.3594209	0.0260065
8	9	80009	/Users/gspellman/Trowbridgii_analyses/Stacks analysis of ddRAD data/stacks_refmap_sorex_excl_MVZ216210_2026-02-26_clean/downstream_analysis_2026-02-23/faststructure_analysis_2026-02-27/work/runs/fs10_rep8.9.log	-0.5344825084	0.3714333	0.0248557
8	10	80010	/Users/gspellman/Trowbridgii_analyses/Stacks analysis of ddRAD data/stacks_refmap_sorex_excl_MVZ216210_2026-02-26_clean/downstream_analysis_2026-02-23/faststructure_analysis_2026-02-27/work/runs/fs10_rep8.10.log	-0.5457670295	0.3681453	0.0191244
9	1	90001	/Users/gspellman/Trowbridgii_analyses/Stacks analysis of ddRAD data/stacks_refmap_sorex_excl_MVZ216210_2026-02-26_clean/downstream_analysis_2026-02-23/faststructure_analysis_2026-02-27/work/runs/fs10_rep9.1.log	-0.6717546703	0.5984286	0.0279122
9	2	90002	/Users/gspellman/Trowbridgii_analyses/Stacks analysis of ddRAD data/stacks_refmap_sorex_excl_MVZ216210_2026-02-26_clean/downstream_analysis_2026-02-23/faststructure_analysis_2026-02-27/work/runs/fs10_rep9.2.log	-0.6027158431	0.4887299	0.0130937
9	3	90003	/Users/gspellman/Trowbridgii_analyses/Stacks analysis of ddRAD data/stacks_refmap_sorex_excl_MVZ216210_2026-02-26_clean/downstream_analysis_2026-02-23/faststructure_analysis_2026-02-27/work/runs/fs10_rep9.3.log	-0.5671453962	0.4340266	0.010522
9	4	90004	/Users/gspellman/Trowbridgii_analyses/Stacks analysis of ddRAD data/stacks_refmap_sorex_excl_MVZ216210_2026-02-26_clean/downstream_analysis_2026-02-23/faststructure_analysis_2026-02-27/work/runs/fs10_rep9.4.log	-0.5531116477	0.407945	0.0130435
9	5	90005	/Users/gspellman/Trowbridgii_analyses/Stacks analysis of ddRAD data/stacks_refmap_sorex_excl_MVZ216210_2026-02-26_clean/downstream_analysis_2026-02-23/faststructure_analysis_2026-02-27/work/runs/fs10_rep9.5.log	-0.5337401911	0.3635493	0.0200194
9	6	90006	/Users/gspellman/Trowbridgii_analyses/Stacks analysis of ddRAD data/stacks_refmap_sorex_excl_MVZ216210_2026-02-26_clean/downstream_analysis_2026-02-23/faststructure_analysis_2026-02-27/work/runs/fs10_rep9.6.log	-0.5354440397	0.357429	0.0252817
9	7	90007	/Users/gspellman/Trowbridgii_analyses/Stacks analysis of ddRAD data/stacks_refmap_sorex_excl_MVZ216210_2026-02-26_clean/downstream_analysis_2026-02-23/faststructure_analysis_2026-02-27/work/runs/fs10_rep9.7.log	-0.5355972391	0.3618397	0.0184973
9	8	90008	/Users/gspellman/Trowbridgii_analyses/Stacks analysis of ddRAD data/stacks_refmap_sorex_excl_MVZ216210_2026-02-26_clean/downstream_analysis_2026-02-23/faststructure_analysis_2026-02-27/work/runs/fs10_rep9.8.log	-0.5343297196	0.3756219	0.0106
9	9	90009	/Users/gspellman/Trowbridgii_analyses/Stacks analysis of ddRAD data/stacks_refmap_sorex_excl_MVZ216210_2026-02-26_clean/downstream_analysis_2026-02-23/faststructure_analysis_2026-02-27/work/runs/fs10_rep9.9.log	-0.5466675843	0.3884807	0.0219077
9	10	90010	/Users/gspellman/Trowbridgii_analyses/Stacks analysis of ddRAD data/stacks_refmap_sorex_excl_MVZ216210_2026-02-26_clean/downstream_analysis_2026-02-23/faststructure_analysis_2026-02-27/work/runs/fs10_rep9.10.log	-0.5443751347	0.3671593	0.0133733
10	1	100001	/Users/gspellman/Trowbridgii_analyses/Stacks analysis of ddRAD data/stacks_refmap_sorex_excl_MVZ216210_2026-02-26_clean/downstream_analysis_2026-02-23/faststructure_analysis_2026-02-27/work/runs/fs10_rep10.1.log	-0.6717546703	0.5890938	0.0338051
10	2	100002	/Users/gspellman/Trowbridgii_analyses/Stacks analysis of ddRAD data/stacks_refmap_sorex_excl_MVZ216210_2026-02-26_clean/downstream_analysis_2026-02-23/faststructure_analysis_2026-02-27/work/runs/fs10_rep10.2.log	-0.6027159854	0.5062297	0.0276435
10	3	100003	/Users/gspellman/Trowbridgii_analyses/Stacks analysis of ddRAD data/stacks_refmap_sorex_excl_MVZ216210_2026-02-26_clean/downstream_analysis_2026-02-23/faststructure_analysis_2026-02-27/work/runs/fs10_rep10.3.log	-0.5672568468	0.4486645	0.035297
10	4	100004	/Users/gspellman/Trowbridgii_analyses/Stacks analysis of ddRAD data/stacks_refmap_sorex_excl_MVZ216210_2026-02-26_clean/downstream_analysis_2026-02-23/faststructure_analysis_2026-02-27/work/runs/fs10_rep10.4.log	-0.5433607127	0.3885613	0.0331821
10	5	100005	/Users/gspellman/Trowbridgii_analyses/Stacks analysis of ddRAD data/stacks_refmap_sorex_excl_MVZ216210_2026-02-26_clean/downstream_analysis_2026-02-23/faststructure_analysis_2026-02-27/work/runs/fs10_rep10.5.log	-0.5337396592	0.3738851	0.0269904
10	6	100006	/Users/gspellman/Trowbridgii_analyses/Stacks analysis of ddRAD data/stacks_refmap_sorex_excl_MVZ216210_2026-02-26_clean/downstream_analysis_2026-02-23/faststructure_analysis_2026-02-27/work/runs/fs10_rep10.6.log	-0.5450157407	0.4102064	0.0244659
10	7	100007	/Users/gspellman/Trowbridgii_analyses/Stacks analysis of ddRAD data/stacks_refmap_sorex_excl_MVZ216210_2026-02-26_clean/downstream_analysis_2026-02-23/faststructure_analysis_2026-02-27/work/runs/fs10_rep10.7.log	-0.5369285447	0.3625048	0.0182309
10	8	100008	/Users/gspellman/Trowbridgii_analyses/Stacks analysis of ddRAD data/stacks_refmap_sorex_excl_MVZ216210_2026-02-26_clean/downstream_analysis_2026-02-23/faststructure_analysis_2026-02-27/work/runs/fs10_rep10.8.log	-0.5367328701	0.3632259	0.026578
10	9	100009	/Users/gspellman/Trowbridgii_analyses/Stacks analysis of ddRAD data/stacks_refmap_sorex_excl_MVZ216210_2026-02-26_clean/downstream_analysis_2026-02-23/faststructure_analysis_2026-02-27/work/runs/fs10_rep10.9.log	-0.544379412	0.3714675	0.0134265
10	10	100010	/Users/gspellman/Trowbridgii_analyses/Stacks analysis of ddRAD data/stacks_refmap_sorex_excl_MVZ216210_2026-02-26_clean/downstream_analysis_2026-02-23/faststructure_analysis_2026-02-27/work/runs/fs10_rep10.10.log	-0.5359347483	0.359253	0.0223978
