Sample	Population	Cluster1	Cluster2	Cluster3	Cluster4	Cluster5	Cluster6	Cluster7
MVZ206289	South_Coast	5.74775897170052e-151	5.206185066726e-09	5.04914460325253e-08	0.935108527311831	0.0467907966975082	2.19125239896373e-05	0.0180787077690402
MVZ227430	South_Coast	1.18015583623652e-139	1.13973145648475e-08	1.29054622205625e-07	0.931114052768965	0.0486594974046384	3.11012479658859e-05	0.0201952081264939
MVZ231861	South_Coast	4.60564622872665e-139	7.1440214647964e-08	7.69294886305334e-07	0.79787835032426	0.141775077250222	0.000125392023202964	0.0602203396672144
MVZ232173	South_Coast	0.816161133710537	1.96055602710542e-07	2.26488848904624e-06	2.07409931683383e-190	0.126675359519486	0.000178525979948631	0.0569825198459368
MVZ239688	South_Coast	2.2599894063877e-148	5.32542355006577e-09	4.98093087124156e-08	0.942908513312885	0.0410898295343883	1.99370650350658e-05	0.015981664952959
MVZ240832	South_Coast	0.90951394527382	3.35246390083354e-08	3.77442279076347e-07	6.7519035020554e-215	0.0638591302819832	5.47180773477405e-05	0.026571795399931
MVZ240837	South_Coast	0.915942270126664	2.88035172306572e-08	3.26585100422903e-07	1.43979857142125e-211	0.0593684036705283	5.05440040005841e-05	0.0246384268101898
MVZ241098	South_Coast	6.90703183517692e-145	5.49426591390852e-09	5.41355848730999e-08	0.949563249611569	0.036103900868093	1.8891127589365e-05	0.0143138987628974
MSB259148	North	6.10433798542521e-206	1.8795634545859e-05	0.00149366919840877	4.94065645841247e-324	0.202554931743103	0.00154837603712796	0.794384227386815
MSB261737	North	4.41617220032971e-210	1.42131450537514e-05	0.00112183100660428	0	0.193718108972169	0.0013574935524008	0.803788353323773
MSB269732	North	1.95966818013515e-199	3.09118964094922e-05	0.00254527764229147	4.06789480129894e-315	0.228288698536426	0.00211815160195448	0.767016960322919
MSB269776	North	1.99682934192891e-199	3.19297440302214e-05	0.00258632349456694	2.61538513603534e-314	0.232429850282155	0.00213520684479023	0.762816689634457
MSB269806	North	5.15263077269967e-196	3.63625563952402e-05	0.00299980916182034	2.08707658215519e-310	0.238363287673382	0.00227564888308462	0.756324891725318
MSB281100	North	1.92147451764819e-219	8.55128899891424e-06	0.000594627837112224	0	0.202304882244382	0.00115547026566615	0.795936468363841
MSB311857	North	3.89786810418445e-218	1.04063436438678e-05	0.000668412025929514	0	0.202233900102423	0.00126336958267021	0.795823911945334
MSB43525	North	9.72794243606084e-233	3.47858423383389e-06	0.000245585620337782	0	0.18923778165752	0.000748638396549718	0.809764515741359
MSB83485	North	4.57907474873807e-225	6.49424431291959e-06	0.000429126038140609	0	0.198887277705347	0.00103239977665394	0.799644702235545
MVZ217504	North	4.83346104509122e-192	5.36892467070415e-05	0.00892618087688525	2.7448195903804e-305	0.298476863332829	0.00311639080205075	0.689426875741528
MVZ223024	Sierra_3	2.74800931335743e-184	9.40496391618462e-05	0.385119560521029	8.95045469442896e-294	0.304559382062262	0.00404642462473294	0.306180583152814
MVZ223025	North	5.96968365239578e-205	2.83585409288901e-05	0.00710352917095022	7.4109846876187e-323	0.309801392531048	0.00226802186796324	0.680798697889109
MVZ223028	North	5.79172432343488e-191	4.49912242327772e-05	0.00447127280904683	7.65102234849668e-303	0.240156546393959	0.0024110626566657	0.752916126916096
UAM101701	North	3.65427392546917e-183	8.59868422311725e-05	0.00662250018252467	2.39955766479417e-291	0.276259877473652	0.0033439037746335	0.713687731726959
UAM41739	North	4.10642034894686e-204	3.05164839773821e-05	0.00190045812645322	6.00783825342956e-321	0.230771479781432	0.00220065028089339	0.765096895327244
UAM93314	North	2.52668619293911e-197	2.88027160086193e-05	0.00266781554965533	4.54561652899725e-313	0.219960520394849	0.0020302791020206	0.775312582237466
MVZ221535	Sierra_2	1.5632060051393e-220	0.778943564535689	0.000173982445547369	0	0.122153370521488	0.0203785735545038	0.0783505089427708
MVZ221743	Sierra_2	9.22389594508516e-240	0.617169565170752	9.92324087534996e-05	0	0.223655124395694	0.0257196943590907	0.13335638366571
MVZ224676	Sierra_2	1.09846368096663e-230	0.773374891037046	0.000109272028376719	0	0.1285403220668	0.0168143906521183	0.0811611242156584
MVZ232190	Sierra_2	4.88092547879584e-230	0.784891735078135	8.22316804202307e-05	0	0.124375247991154	0.0150229510763065	0.0756278341739844
MVZ191515	North_Coast	1.30722174250941e-200	1.81582668170123e-05	0.000805077957932608	1.65893904101053e-318	0.835122550219161	0.001573709827606	0.162480503728483
MVZ191548	North_Coast	9.60695016818776e-203	1.58940384008338e-05	0.00062843205405193	3.85371203756172e-322	0.826999718510054	0.00160223610104739	0.170753719296446
MVZ191565	North_Coast	5.52382005672358e-205	1.06053974667396e-05	0.000458401951401566	0	0.846675065606466	0.0012278842169833	0.151628042827683
MVZ191579	North_Coast	4.25155436582948e-182	5.94909624871332e-05	0.00248158379448876	5.22310160192764e-292	0.809267901526347	0.00279780776467427	0.185393215952003
MVZ191607	North_Coast	1.21842695847409e-192	2.511585269314e-05	0.00120554608935672	1.19632008140974e-307	0.830671714560193	0.00181183355887272	0.166285789938885
MVZ217992	North_Coast	1.06265658616402e-228	2.7995862032873e-06	0.00010651574004498	0	0.853579275971341	0.000746516713788252	0.145564891988623
MVZ219009	North_Coast	1.9031460094969e-197	1.71044401761705e-05	0.000766085752554872	1.61784489445786e-313	0.830885749915155	0.00157673554145342	0.166754324350661
MVZ219014	North_Coast	2.81664387768372e-182	5.53808526059131e-05	0.00266377849744463	1.41396506288308e-291	0.802145567602291	0.00281166771296059	0.192323605334698
MVZ219015	North_Coast	3.47145534528664e-181	5.98964112596278e-05	0.00285133916946827	5.19605581597674e-291	0.796325114375756	0.00299370822123197	0.197769941822284
MVZ230716	North_Coast	2.60972021549688e-171	9.99183705224449e-05	0.00460644930792696	8.07422192815324e-277	0.78398520594893	0.0035343505750425	0.207774075797578
MVZ231432	North_Coast	3.2046183109113e-208	1.19780754311337e-05	0.000444358394972167	0	0.823149239830851	0.00143539560855599	0.17495902809019
MVZ240012	North_Coast	6.1194156964158e-229	4.00554643423184e-06	0.000181226769979454	0	0.7964844337933	0.00101080084210741	0.202319533048179
MVZ240013	North_Coast	3.43127668484395e-222	5.06097225369867e-06	0.000234631913031953	0	0.787754252322372	0.00114315111031421	0.210862903682028
MVZ196598	Sierra_3	2.83098655040342e-190	5.58042276647643e-05	0.5084146917884	9.31204030706327e-303	0.256372511551398	0.00283164738667421	0.232325345045863
MVZ200477	Sierra_3	4.62177649696092e-193	5.23054781092251e-05	0.550910170221173	7.36871540584414e-308	0.234923094502106	0.00271439196607358	0.211400037832538
MVZ200647	Sierra_3	1.91132457244495e-183	8.69332386405537e-05	0.55727864405084	1.70219454489463e-293	0.226923615684887	0.00339666186589972	0.212314145159733
MVZ217509	Sierra_3	4.93412300065546e-191	0.000126403257546075	0.49550753140118	4.41900670407281e-305	0.267306039030172	0.00382196673074757	0.233238059580354
MVZ217516	Sierra_3	2.79709305763087e-190	6.91091192374689e-05	0.567649820977067	2.11337971524871e-303	0.224717991197097	0.00284744830677628	0.204715630399823
MVZ217517	Sierra_3	6.4644950394841e-192	8.07188074670374e-05	0.505751391041259	3.89290065939019e-305	0.261258917417841	0.00330752794994062	0.229601444783492
MVZ217872	Sierra_3	9.11576182572876e-192	4.56587699576602e-05	0.535389126175369	1.64156211579072e-305	0.242166549578644	0.00249428588938016	0.219904379586649
MVZ218037	Sierra_3	7.90155570906049e-191	5.1939588258027e-05	0.553974974817526	4.44279576845355e-302	0.232112426524233	0.00259236087674801	0.211268298193235
MVZ218549	Sierra_3	6.39378704997534e-190	5.04950830805984e-05	0.570736342302477	3.86944215861282e-304	0.224586753544696	0.00256639963371523	0.20206000943603
MVZ219775	Sierra_3	1.38440172022248e-183	8.39806553007451e-05	0.558891768713257	4.53511116739934e-293	0.228771560155356	0.00325499747775046	0.208997692998335
MVZ220148	Sierra_3	1.22928805097115e-190	4.52701858689832e-05	0.536539772536437	1.60738288588487e-305	0.242166166469775	0.00255012553002047	0.218698665277899
MVZ222746	Sierra_3	3.67131619952364e-189	0.000147270409131587	0.524808251549519	2.72024355396114e-301	0.250378215256424	0.00395058567283811	0.220715677112087
MVZ222749	Sierra_3	4.45490136784509e-185	0.000174752130031607	0.549132757571435	2.49813323259789e-295	0.234927994378983	0.00400211630916367	0.211762379610387
MVZ222751	Sierra_3	6.2233828587049e-190	0.000177662067173414	0.50082441959535	3.73992020607928e-301	0.264356404108458	0.00417521199521665	0.230466302233802
MVZ222752	Sierra_3	1.24682904110374e-184	0.00024047996277323	0.513899024115212	3.19630938384988e-294	0.255009419705827	0.00485328093948726	0.225997795276701
MVZ222753	Sierra_3	1.1892521598535e-183	0.000234110826575409	0.521725555676189	1.91840016645903e-293	0.249965999814623	0.00494044571091929	0.223133887971694
MVZ222756	Sierra_3	5.06077563787543e-189	0.000200078832456206	0.453405120163767	5.90181399932763e-301	0.287853146162202	0.00509613994495965	0.253445514896615
MVZ222758	Sierra_3	5.40271187116701e-189	0.000132321273455665	0.54969135335528	1.51061484313968e-301	0.23697557432863	0.00391628367477116	0.209284467367864
MVZ223020	Sierra_3	9.02083017567624e-185	8.38794860438609e-05	0.501901403948236	2.71561891502325e-295	0.253043219699063	0.0033962366066651	0.241575260259992
MVZ223022	Sierra_3	7.3230370695822e-190	7.23366489073267e-05	0.36332685124271	1.22102470054088e-302	0.319491832255562	0.00360981901841423	0.313499160834407
MVZ223023	Sierra_3	6.88950981996372e-176	0.000133758841936296	0.48795316532114	2.02087892189805e-281	0.256223879179377	0.00427602812602339	0.251413168531524
MVZ228426	Sierra_3	6.96260062170712e-187	7.38406881085176e-05	0.532451913632611	2.13335152628089e-298	0.243520490568272	0.00316523235367784	0.220788522757331
MVZ228428	Sierra_3	4.88492345653349e-190	5.9292493777431e-05	0.466252879584573	2.33742173978536e-303	0.279252285586435	0.00304846003962124	0.251387082295594
MVZ232186	Sierra_3	3.8028423049888e-200	0.000149823502010027	0.29746453131828	9.00899061252763e-319	0.380283528143655	0.00493303121244524	0.31716908582361
MVZ240272	North	4.57339544904101e-192	5.10243132216573e-05	0.00791777701044555	3.21267316454767e-307	0.355994088258728	0.00313884395167113	0.632898266465934
MVZ240328	North	1.6546488365656e-228	7.76218007978284e-06	0.000884035128201073	0	0.426763385806916	0.00155728221397376	0.570787534670829
MVZ240329	North	7.20740034455574e-236	4.82300997066834e-06	0.000521955218435142	0	0.428220032112389	0.00129640607812026	0.569956783581085
MVZ240330	North	1.62011242479852e-232	5.4239171517549e-06	0.000708198583948221	0	0.417369627506548	0.00136157041939033	0.580555179572962
MVZ241349	North_Coast	6.91524793671311e-253	1.22981778180707e-06	8.86207006599374e-05	0	0.715789283756932	0.000666368686486054	0.283454497038141
MVZ222480	Sierra_1	8.44957473354265e-251	0.000507539185528264	3.0850221934971e-05	0	0.178081702589708	0.717085824826632	0.104294083176196
MVZ222490	Sierra_1	1.14758615729192e-262	0.000284430488712431	1.3700860425467e-05	0	0.16543050721349	0.741525782215865	0.0927455792215074
MVZ223094	Sierra_1	8.26566331105358e-263	0.000321847832252486	1.38173257765258e-05	0	0.156441950742095	0.755085011415845	0.0881373726840304
MVZ223095	Sierra_1	2.00701073901037e-262	0.000292225385149196	1.41650400417756e-05	0	0.159868395142978	0.750358797236863	0.0894664171949687
MVZ224618	Sierra_1	1.32540162933982e-256	0.000395429472154667	1.78115120449904e-05	0	0.125506958350264	0.801834992063291	0.0722448086022454
MVZ199508	Sierra_2	1.50900023444308e-249	0.684109301925382	3.62277655307435e-05	0	0.186567558541013	0.0236920769043386	0.105594834863736
MVZ199509	Sierra_2	3.7221216160562e-243	0.804499040377857	3.64042644599548e-05	0	0.113274629478665	0.015070774894041	0.0671191509849777
MVZ199510	Sierra_2	2.16019631180648e-241	0.816078813021333	4.06677243827935e-05	0	0.104122617061815	0.0177435855877949	0.0620143166046741
MVZ199511	Sierra_2	6.68452810300845e-238	0.712322808997384	7.46072756936917e-05	0	0.16082340505396	0.0297925712681632	0.0969866074047993
MVZ201003	Sierra_2	7.46825545373269e-235	0.803774215094012	5.62795018478655e-05	0	0.107929613844591	0.0215988806270635	0.0666410109324853
MVZ201307	Sierra_1	1.02308103883764e-256	0.000478272585174968	1.24013973296492e-05	0	0.091241650483403	0.855555866353959	0.0527118091801335
MVZ201308	Sierra_1	4.06629093271203e-249	0.000642474948785612	1.99248761046578e-05	0	0.0985005907132713	0.842682957487858	0.0581540519739805
MVZ201309	Sierra_1	5.72854256308049e-252	0.000591848596114174	1.59695178368883e-05	0	0.0935151167111195	0.851285660278123	0.0545914048968068
MVZ201312	Sierra_1	1.5743467572534e-254	0.000494115087180441	1.47800908951921e-05	0	0.0946377753964402	0.850039859970776	0.0548134694547085
MVZ201314	Sierra_1	3.22639821672821e-250	0.000550243447084054	1.80476707655112e-05	0	0.0962760794993305	0.846058724161916	0.0570969052209036
MVZ201318	Sierra_1	1.19814053825987e-252	0.000517246820484844	1.57972371206015e-05	0	0.0901805262789006	0.856308726292777	0.0529777033707174
MVZ207124	Sierra_1	1.17991173830599e-252	0.000501440082565475	1.55040920145018e-05	0	0.0935005743407564	0.851496402650887	0.0544860788337761
MVZ216205	Sierra_1	1.04331782295426e-252	0.000569359999907475	1.55307845904525e-05	0	0.0923756740006354	0.853664751303013	0.0533746839118539
MVZ216215	Sierra_1	3.70554817699368e-246	0.000624306871438501	2.42615441842495e-05	0	0.0961880873234423	0.845886224521443	0.0572771197394917
MVZ221740	Sierra_2	3.46080993406307e-237	0.671250660633703	8.91905318502822e-05	0	0.191292040774925	0.020872313742565	0.116495794316958
MVZ222747	Sierra_3	7.6559471654651e-187	0.00012690465435321	0.548504050902991	4.4971353640152e-298	0.238390127188024	0.00388975901361148	0.209089158241021
MVZ222750	Sierra_3	1.8464638049925e-183	0.000186588213629996	0.544784504966463	7.04330877908269e-293	0.235182831046878	0.00413727970825764	0.215708796064771
MVZ222754	Sierra_3	2.75830840555821e-186	0.000207962605373936	0.50983934196801	2.53279272631367e-297	0.255538103628506	0.00494063437170541	0.229473957426405
MVZ222755	Sierra_3	2.68772483378918e-184	0.000203691018516182	0.525606105632288	1.90552371094487e-294	0.247485844748111	0.00456589501153964	0.222138463589545
MVZ222757	Sierra_3	1.71489151794581e-182	0.000210897894270143	0.524134866544478	7.84411696176816e-293	0.249238275392615	0.00470664773675958	0.221709312431876
MVZ225827	Sierra_1	3.07308483483077e-244	0.000797220214529095	3.09414609097569e-05	0	0.104470790649402	0.831656467015198	0.0630445806599603
MVZ232185	Sierra_3	4.86936349053596e-181	0.000275726941087132	0.508005478766352	1.21213078505234e-289	0.256748899298781	0.00510299802249362	0.229866896971286
MVZ232188	Sierra_2	1.49546398940733e-229	0.733757997941709	0.000114954708181466	0	0.145568350991628	0.0297975118288511	0.0907611845296303
MVZ232189	Sierra_2	1.287154683853e-233	0.809196528957062	6.785453028435e-05	0	0.109448409971333	0.015217369301296	0.0660698372400241
