Sample	Population	Cluster1	Cluster2	Cluster3	Cluster4	Cluster5	Cluster6	Cluster7	Cluster8
MVZ206289	South_Coast	0	0	0	0	1	0	0	0
MVZ227430	South_Coast	0	0	0	0	1	0	0	0
MVZ231861	South_Coast	0	0	0	0	1	0	0	0
MVZ232173	South_Coast	0	0	0	0	1	0	0	0
MVZ239688	South_Coast	0	0	0	0	1	0	0	0
MVZ240832	South_Coast	0	0	0	0	1	0	0	0
MVZ240837	South_Coast	0	0	0	0	1	0	0	0
MVZ241098	South_Coast	0	0	0	0	1	0	0	0
MSB259148	North	0	0	0	1	0	0	0	0
MSB261737	North	0	0	0	1	0	0	0	0
MSB269732	North	0	0	0	0.999	0	0	0	0.001
MSB269776	North	0	0	0	0.999	0	0	0	0.001
MSB269806	North	0	0	0	0.999	0	0	0	0.001
MSB281100	North	0	0	0	1	0	0	0	0
MSB311857	North	0	0	0	1	0	0	0	0
MSB43525	North	0	0	0	1	0	0	0	0
MSB83485	North	0	0	0	1	0	0	0	0
MVZ217504	North	0	0	0	0.172	0	0	0	0.828
MVZ223024	Sierra_3	0	0	0.001	0.036	0	0	0.95	0.013
MVZ223025	North	0	0	0.001	0.161	0	0	0.001	0.837
MVZ223028	North	0	0	0	0.909	0	0	0	0.091
UAM101701	North	0.014	0	0	0.985	0	0	0	0.001
UAM41739	North	0	0	0	1	0	0	0	0
UAM93314	North	0	0	0	0.999	0	0	0	0.001
MVZ221535	Sierra_2	0	0	0	0	0	1	0	0
MVZ221743	Sierra_2	0	0.001	0	0	0	0.999	0	0
MVZ224676	Sierra_2	0	0.001	0	0	0	0.999	0	0
MVZ232190	Sierra_2	0	0.001	0	0	0	0.999	0	0
MVZ191515	North_Coast	1	0	0	0	0	0	0	0
MVZ191548	North_Coast	1	0	0	0	0	0	0	0
MVZ191565	North_Coast	1	0	0	0	0	0	0	0
MVZ191579	North_Coast	1	0	0	0	0	0	0	0
MVZ191607	North_Coast	1	0	0	0	0	0	0	0
MVZ217992	North_Coast	1	0	0	0	0	0	0	0
MVZ219009	North_Coast	1	0	0	0	0	0	0	0
MVZ219014	North_Coast	1	0	0	0	0	0	0	0
MVZ219015	North_Coast	1	0	0	0	0	0	0	0
MVZ230716	North_Coast	1	0	0	0	0	0	0	0
MVZ231432	North_Coast	1	0	0	0	0	0	0	0
MVZ240012	North_Coast	0.93	0	0	0.001	0	0	0.001	0.068
MVZ240013	North_Coast	0.93	0	0	0.002	0	0	0.001	0.067
MVZ196598	Sierra_3	0	0	0.001	0	0	0	0.999	0
MVZ200477	Sierra_3	0	0	0.001	0	0	0	0.999	0
MVZ200647	Sierra_3	0	0	0.001	0	0	0	0.999	0
MVZ217509	Sierra_3	0	0	0.682	0	0	0	0.318	0
MVZ217516	Sierra_3	0	0	0.033	0	0	0	0.967	0
MVZ217517	Sierra_3	0	0	0.005	0	0	0	0.995	0
MVZ217872	Sierra_3	0	0	0.001	0	0	0	0.999	0
MVZ218037	Sierra_3	0	0	0.001	0	0	0	0.999	0
MVZ218549	Sierra_3	0	0	0.004	0	0	0	0.996	0
MVZ219775	Sierra_3	0	0	0.01	0	0	0	0.99	0
MVZ220148	Sierra_3	0	0	0.001	0	0	0	0.999	0
MVZ222746	Sierra_3	0	0	0.937	0	0	0	0.063	0
MVZ222749	Sierra_3	0	0	0.999	0	0	0	0.001	0
MVZ222751	Sierra_3	0	0	0.988	0	0	0	0.012	0
MVZ222752	Sierra_3	0	0	0.999	0	0	0	0.001	0
MVZ222753	Sierra_3	0	0	0.978	0	0	0	0.022	0
MVZ222756	Sierra_3	0	0	0.992	0	0	0	0.008	0
MVZ222758	Sierra_3	0	0	0.899	0	0	0	0.101	0
MVZ223020	Sierra_3	0	0	0.001	0	0	0	0.999	0
MVZ223022	Sierra_3	0	0	0	0.001	0	0	0.998	0.001
MVZ223023	Sierra_3	0	0	0.001	0.002	0	0	0.996	0.001
MVZ228426	Sierra_3	0	0	0.001	0	0	0	0.999	0
MVZ228428	Sierra_3	0	0	0.001	0	0	0	0.999	0
MVZ232186	Sierra_3	0	0	0.99	0	0	0	0.01	0
MVZ240272	North	0	0	0	0.001	0	0	0	0.999
MVZ240328	North	0.002	0	0.001	0.001	0	0	0.002	0.994
MVZ240329	North	0	0	0	0.001	0	0	0	0.999
MVZ240330	North	0.001	0	0.001	0.003	0	0	0.001	0.994
MVZ241349	North_Coast	0.442	0	0.002	0.007	0.001	0	0.003	0.545
MVZ222480	Sierra_1	0	1	0	0	0	0	0	0
MVZ222490	Sierra_1	0	1	0	0	0	0	0	0
MVZ223094	Sierra_1	0	1	0	0	0	0	0	0
MVZ223095	Sierra_1	0	1	0	0	0	0	0	0
MVZ224618	Sierra_1	0	1	0	0	0	0	0	0
MVZ199508	Sierra_2	0	0.001	0	0	0	0.999	0	0
MVZ199509	Sierra_2	0	0.001	0	0	0	0.999	0	0
MVZ199510	Sierra_2	0	0.001	0	0	0	0.999	0	0
MVZ199511	Sierra_2	0	0.003	0	0	0	0.997	0	0
MVZ201003	Sierra_2	0	0.002	0	0	0	0.998	0	0
MVZ201307	Sierra_1	0	1	0	0	0	0	0	0
MVZ201308	Sierra_1	0	0.999	0	0	0	0.001	0	0
MVZ201309	Sierra_1	0	1	0	0	0	0	0	0
MVZ201312	Sierra_1	0	1	0	0	0	0	0	0
MVZ201314	Sierra_1	0	1	0	0	0	0	0	0
MVZ201318	Sierra_1	0	1	0	0	0	0	0	0
MVZ207124	Sierra_1	0	1	0	0	0	0	0	0
MVZ216205	Sierra_1	0	1	0	0	0	0	0	0
MVZ216215	Sierra_1	0	1	0	0	0	0	0	0
MVZ221740	Sierra_2	0	0	0	0	0	1	0	0
MVZ222747	Sierra_3	0	0	0.906	0	0	0	0.094	0
MVZ222750	Sierra_3	0	0	0.929	0	0	0	0.071	0
MVZ222754	Sierra_3	0	0	0.98	0	0	0	0.02	0
MVZ222755	Sierra_3	0	0	0.999	0	0	0	0.001	0
MVZ222757	Sierra_3	0	0	0.994	0	0	0	0.006	0
MVZ225827	Sierra_1	0	1	0	0	0	0	0	0
MVZ232185	Sierra_3	0	0	0.994	0	0	0	0.006	0
MVZ232188	Sierra_2	0	0.001	0	0	0	0.999	0	0
MVZ232189	Sierra_2	0	0	0	0	0	1	0	0
